loan_type,total_balance,avg_risk_weight,total_risk_weighted_assets
Student Loan,454731959,0.8090909090909094,3.6717489072999996E8
Credit Card,400786953,0.734324324324324,2.8971436162000006E8
Commercial Loan,307862644,0.7753125000000002,2.4249325181000006E8
Mortgage,340648182,0.7391891891891892,2.3472568066E8
Auto Loan,246426210,0.7511111111111112,1.8628476062E8
Business Loan,250375212,0.7095652173913042,1.8603463973000002E8
